{"cameraMode":{"drawMode":0,"name":"Shaded","section":"Shading Mode"},"sceneLighting":true,"audioPlay":false,"sceneViewState":{"m_AlwaysRefresh":false,"showFog":true,"showSkybox":true,"showFlares":true,"showImageEffects":true,"showParticleSystems":true,"showVisualEffectGraphs":true,"m_FxEnabled":true},"in2DMode":false,"pivot":{"x":224.89361572265626,"y":1.8001320362091065,"z":8.960834503173829},"rotation":{"x":0.04806268587708473,"y":-0.2330736219882965,"z":0.011784146539866925,"w":0.9713499546051025},"size":10.216506958007813,"orthographic":false}