{"cameraMode":{"drawMode":0,"name":"Shaded","section":"Shading Mode"},"sceneLighting":true,"audioPlay":false,"sceneViewState":{"m_AlwaysRefresh":false,"showFog":true,"showSkybox":true,"showFlares":true,"showImageEffects":true,"showParticleSystems":true,"showVisualEffectGraphs":true,"m_FxEnabled":true},"in2DMode":false,"pivot":{"x":-9.983004570007325,"y":-61.64562225341797,"z":-5.283514976501465},"rotation":{"x":-0.3457205295562744,"y":0.011340961791574955,"z":0.0012394351651892067,"w":-0.9396123886108398},"size":67.50675201416016,"orthographic":false}