{"cameraMode":{"drawMode":0,"name":"Shaded","section":"Shading Mode"},"sceneLighting":true,"audioPlay":false,"sceneViewState":{"m_AlwaysRefresh":false,"showFog":true,"showSkybox":true,"showFlares":true,"showImageEffects":true,"showParticleSystems":true,"showVisualEffectGraphs":true,"m_FxEnabled":true},"in2DMode":false,"pivot":{"x":254.58316040039063,"y":69.58494567871094,"z":-12.099784851074219},"rotation":{"x":0.009903029538691044,"y":0.9538866877555847,"z":-0.03810350224375725,"w":0.29931944608688357},"size":342.2444763183594,"orthographic":false}